customer,amount,grade,purpose,loanDate,hasOtherLoans,decision
Richard Joseph,"131,958 $",C,Travel,2022-01-12,Yes,No
Dorothy Ready,"156,867 $",C,Education,2023-08-11,Yes,Yes
Mark Kirby,"141,932 $",B,Car,2022-10-06,No,Yes
Ronald Wade,"113,694 $",B,Travel,2022-07-19,No,Yes
Natasha Salyards,"129,879 $",A,Personal,2021-10-02,No,Yes
Magdalena Taylor,"120,268 $",B,Business,2022-03-02,No,Yes
Daniel Kee,"64,886 $",B,Car,2023-08-29,Yes,Yes
Donna Pierce,"147,337 $",C,Car,2021-09-03,Yes,No
Alexander Villalobos,"178,266 $",B,Home,2022-03-19,No,No
Lucy Wilson,"97,498 $",A,Education,2023-04-20,No,Yes
Luz Christensen,"122,727 $",B,Car,2021-11-16,No,Yes
Brenda Dietrich,"136,324 $",C,Car,2023-10-19,No,No
Joseph Morgan,"185,203 $",C,Personal,2020-07-06,No,No
Hoyt Arocho,"26,023 $",B,Personal,2024-05-11,No,No
Brian Gossett,"51,090 $",C,Travel,2024-04-15,No,Yes
Brenda Gorton,"77,221 $",A,Business,2024-06-07,No,No
Jefferey Fulghum,"74,820 $",A,Home,2024-08-14,No,Yes
Lucy Sanchez,"10,769 $",B,Business,2022-09-11,Yes,Yes
Wayne Purcell,"69,735 $",B,Travel,2021-07-01,No,No
Manuel Williams,"74,925 $",B,Personal,2021-12-25,Yes,No
Yolanda Smith,"15,311 $",C,Education,2022-07-14,Yes,Yes
Amanda Sisler,"113,355 $",A,Personal,2023-12-02,No,No
Paul Dempsey,"194,779 $",A,Home,2022-05-25,No,No
Cornelius Queen,"95,305 $",C,Personal,2021-09-09,Yes,Yes
William Wild,"169,765 $",A,Home,2021-02-17,Yes,No
Delores Winesett,"140,608 $",B,Home,2023-09-27,No,Yes
Steven Adrian,"166,730 $",B,Home,2023-05-28,Yes,Yes
Shane Weitzman,"94,478 $",B,Travel,2022-06-21,No,No
Martha Draper,"132,537 $",A,Home,2020-06-11,No,Yes
Rosemary Blossom,"159,503 $",B,Home,2023-05-28,No,Yes
John Alvarez,"140,523 $",C,Education,2020-09-26,Yes,No
Ellen Rodriguez,"12,747 $",C,Business,2021-09-23,Yes,No
Jennifer Snyder,"133,855 $",A,Car,2022-06-24,No,No
Mattie Salazar,"75,725 $",C,Business,2023-11-24,Yes,Yes
Kevin Williams,"139,981 $",C,Home,2023-04-20,Yes,Yes
Tabitha Langdon,"94,654 $",A,Education,2024-06-29,Yes,No
Denise Lee,"176,845 $",B,Personal,2024-10-18,Yes,Yes
Patricia Charles,"129,346 $",B,Education,2020-07-23,Yes,No
Elmira Reimers,"77,435 $",B,Home,2021-08-04,Yes,No
Douglas Ditto,"66,886 $",A,Education,2024-04-28,Yes,Yes
Wayne Harrelson,"76,803 $",C,Education,2022-04-20,No,No
Ruth Wagner,"41,551 $",B,Home,2023-06-05,Yes,Yes
Chris Parks,"126,216 $",B,Travel,2024-09-15,Yes,Yes
Elvera Colburn,"21,394 $",A,Education,2024-06-30,Yes,No
Tim Salmon,"79,092 $",B,Car,2021-08-18,Yes,Yes
Andrew Pavick,"13,890 $",A,Car,2020-09-06,Yes,No
Jane Young,"51,606 $",C,Education,2022-05-24,Yes,Yes
Jonathan Santos,"97,313 $",A,Travel,2024-01-04,Yes,Yes
Kathleen Perry,"151,699 $",A,Personal,2024-04-05,Yes,Yes
Callie Vanoy,"18,792 $",A,Home,2020-07-14,No,No
Adrianne Southerland,"184,073 $",A,Car,2021-11-20,Yes,Yes
Tina Mattox,"164,969 $",C,Personal,2024-03-22,Yes,No
Pamela Emberling,"78,148 $",C,Education,2022-12-29,Yes,Yes
Lucy Croom,"134,243 $",B,Personal,2021-09-30,Yes,Yes
Shawnta Jewell,"130,174 $",C,Business,2023-11-23,No,No
Gregory Ellis,"164,555 $",C,Car,2021-11-02,No,No
Maggie Jackson,"134,358 $",B,Education,2024-11-18,No,No
Frances Gibson,"58,555 $",C,Home,2023-05-11,No,No
Kimberly Sherrer,"27,159 $",A,Travel,2023-03-17,No,No
Walter Taylor,"120,510 $",A,Education,2024-02-04,No,Yes
John Holder,"116,530 $",B,Home,2024-08-05,No,Yes
Winifred Boulos,"90,077 $",B,Travel,2022-08-01,No,No
David Hamilton,"45,920 $",B,Travel,2020-07-17,No,Yes
James Wells,"29,457 $",A,Education,2023-12-20,No,Yes
Ray Chambers,"88,953 $",C,Personal,2024-08-16,No,Yes
Jose Ginn,"62,995 $",A,Personal,2021-05-06,No,No
Steven Alvarez,"181,829 $",B,Travel,2022-06-14,No,Yes
Lee Robles,"19,692 $",C,Personal,2020-05-21,No,Yes
Mary Mascaro,"186,830 $",C,Business,2023-08-29,No,Yes
Nicole Bryan,"47,065 $",A,Travel,2020-06-13,No,No
Robert Tebow,"109,299 $",B,Travel,2020-11-09,Yes,Yes
Brandie Lee,"173,678 $",A,Home,2020-01-21,No,Yes
Vivian Mckinney,"21,534 $",C,Personal,2023-01-10,Yes,No
Robert Spencer,"50,397 $",A,Travel,2024-05-23,No,No
Mildred Caron,"101,387 $",A,Business,2023-02-28,No,Yes
Roger Keogh,"11,016 $",B,Home,2024-06-10,Yes,Yes
Benny Parisien,"65,591 $",B,Education,2024-10-19,No,No
Penny Wilson,"33,247 $",C,Travel,2022-09-10,Yes,No
Eddie Lusk,"34,300 $",A,Business,2020-10-31,Yes,No
Edgardo Romero,"92,798 $",A,Car,2021-01-05,Yes,No
Bianca Moore,"19,268 $",A,Business,2022-05-02,No,No
George Denson,"96,807 $",C,Business,2021-01-18,No,No
Joan Lorenz,"22,185 $",C,Home,2021-03-20,No,No
Jose Smith,"180,171 $",B,Education,2021-02-28,Yes,Yes
Charles Wilson,"149,643 $",B,Car,2020-06-09,Yes,No
Andrea Wilson,"48,044 $",B,Personal,2023-04-16,No,No
Jamie Pace,"61,214 $",A,Personal,2021-09-20,No,Yes
Esther Martinez,"124,752 $",A,Business,2024-09-27,No,No
Tabitha Otto,"58,984 $",B,Home,2022-06-13,No,No
Diane Moore,"50,774 $",A,Home,2021-05-04,No,Yes
Gary Barber,"12,568 $",B,Personal,2022-10-13,Yes,No
Arthur Barrett,"130,151 $",C,Car,2020-11-22,Yes,Yes
Wanda Griggs,"143,767 $",B,Education,2021-08-20,Yes,Yes
Hugh Todd,"134,375 $",C,Car,2022-10-11,No,Yes
Pablo Hazelrigg,"189,262 $",A,Travel,2020-10-15,Yes,Yes
Richard Rhodes,"146,330 $",B,Travel,2021-08-15,Yes,No
James Wilson,"49,504 $",A,Education,2024-08-14,Yes,Yes
Maria Hunt,"174,231 $",C,Personal,2024-05-15,Yes,Yes
Sally Darbonne,"23,986 $",C,Education,2021-07-26,Yes,No
Susan Douglass,"71,858 $",C,Home,2023-10-09,No,Yes
Dennis Powers,"139,312 $",A,Travel,2020-01-28,Yes,Yes
Phillip Giddens,"22,666 $",A,Business,2022-08-11,No,Yes
Edward Duncan,"48,660 $",A,Business,2020-02-12,No,Yes
Lacie Scarborough,"144,633 $",A,Personal,2024-08-31,No,No
Buffy Terry,"36,854 $",C,Home,2021-02-26,No,Yes
Carol Petrich,"74,505 $",C,Car,2024-06-09,No,No
Glen Creech,"114,488 $",B,Home,2020-06-25,Yes,No
Norman Stephens,"193,323 $",B,Business,2021-06-12,Yes,Yes
Christian Scott,"32,662 $",A,Business,2024-06-21,No,Yes
Joyce Pollard,"18,392 $",C,Travel,2022-08-23,No,Yes
Tyrone Ortez,"40,535 $",C,Home,2024-02-26,No,Yes
Erika Minion,"123,569 $",C,Home,2020-07-16,Yes,No
Don Mangano,"62,256 $",B,Business,2021-09-01,No,No
Roy Burkhalter,"99,135 $",B,Car,2024-05-19,Yes,No
Earnest Mojica,"137,478 $",C,Personal,2022-04-21,No,Yes
Judith Sorenson,"45,222 $",C,Personal,2022-05-02,Yes,No
Caitlin Pace,"87,373 $",C,Home,2024-03-20,No,Yes
Deena Bradford,"133,684 $",B,Personal,2024-03-17,Yes,Yes
Maria Bell,"20,965 $",C,Business,2020-01-22,No,Yes
Richard Pizarro,"34,538 $",C,Business,2023-02-09,Yes,Yes
Ronald Fleming,"118,066 $",A,Home,2022-12-16,Yes,Yes
William Maring,"123,252 $",A,Home,2022-12-25,Yes,No
John Rhodes,"149,182 $",B,Travel,2022-04-21,Yes,No
Berniece Frye,"168,338 $",C,Home,2020-04-07,Yes,Yes
Carmen Conn,"194,064 $",C,Car,2023-03-13,Yes,No
Katrina Cooper,"108,806 $",A,Personal,2021-03-10,Yes,Yes
Stella Holloway,"147,982 $",B,Home,2021-09-28,No,Yes
Laura Kim,"120,989 $",A,Education,2024-08-29,No,Yes
Mitchell Davis,"100,982 $",A,Travel,2023-01-14,No,No
Phillip Bergan,"131,626 $",A,Education,2021-08-10,No,Yes
Deborah Gregg,"129,176 $",A,Business,2020-12-09,No,Yes
Caitlyn Colby,"141,278 $",C,Personal,2023-08-10,Yes,No
Lucille Myers,"132,409 $",C,Home,2021-07-24,Yes,No
Kim Bevelacqua,"33,419 $",A,Education,2024-07-31,Yes,No
Mary Clark,"191,708 $",B,Personal,2021-09-02,Yes,Yes
Elsa West,"60,015 $",B,Business,2024-09-23,Yes,Yes
Edward Batista,"132,096 $",B,Car,2020-08-30,No,No
Jessie Hubbard,"117,059 $",B,Travel,2021-07-14,No,Yes
Darnell Kinter,"195,340 $",A,Personal,2022-08-17,No,No
Roseann Hernandez,"120,687 $",C,Personal,2020-02-01,No,No
Cheri Stanford,"97,939 $",B,Car,2021-01-25,Yes,Yes
Eddy Alvarez,"159,213 $",A,Personal,2020-10-03,Yes,Yes
Paula White,"115,878 $",B,Business,2021-06-15,Yes,No
Glenda Condon,"197,116 $",B,Business,2023-03-23,No,No
Elizabeth Parton,"174,899 $",A,Car,2021-01-17,Yes,No
Enrique Dillard,"196,892 $",C,Travel,2022-12-27,No,No
Stephen Davis,"72,623 $",C,Home,2022-06-02,Yes,Yes
Frank Hinkle,"85,450 $",A,Education,2020-08-01,Yes,No
Daniel Caulfield,"103,426 $",C,Home,2024-08-05,No,No
Dolores Church,"127,845 $",A,Personal,2021-01-10,Yes,No
Lauren Flaim,"163,371 $",A,Education,2022-01-13,Yes,Yes
Rodney Potts,"53,585 $",A,Car,2020-07-31,No,Yes
Brady Drew,"119,225 $",C,Car,2020-03-19,Yes,No
Stacey Everhart,"74,044 $",A,Travel,2024-10-15,No,Yes
Willette Jackson,"183,629 $",B,Education,2021-09-19,Yes,Yes
Todd Mckinney,"190,152 $",C,Business,2021-08-26,Yes,Yes
Melba Tracy,"119,556 $",C,Education,2022-02-20,Yes,No
Lois Bowman,"12,693 $",C,Personal,2023-11-05,Yes,No
Donald Yoder,"105,259 $",C,Business,2022-09-27,Yes,Yes
Miguel Sparks,"35,939 $",B,Car,2021-11-10,Yes,No
Joseph Rodriguez,"189,997 $",C,Education,2020-02-27,Yes,No
Magdalena Way,"184,013 $",C,Home,2024-12-24,Yes,Yes
Beth Yates,"162,906 $",A,Travel,2022-11-15,No,Yes
Brian Gonzalez,"28,047 $",C,Home,2022-05-30,No,No
Shirley Johns,"36,105 $",B,Travel,2021-03-22,Yes,Yes
Michele Hughey,"85,766 $",B,Personal,2020-03-06,Yes,No
Caroline Willard,"156,779 $",B,Home,2024-11-18,No,No
Gordon Hernandez,"163,048 $",B,Education,2023-07-01,Yes,Yes
Donna Meadows,"54,262 $",C,Education,2022-12-03,Yes,No
Nancy Waller,"135,117 $",C,Home,2023-01-25,No,No
Susan Spencer,"33,776 $",B,Education,2024-04-26,Yes,Yes
Ann Walk,"171,152 $",B,Personal,2022-10-08,Yes,Yes
Veronica Roberto,"138,376 $",C,Business,2020-08-14,No,Yes
Preston Fowler,"147,848 $",B,Personal,2022-02-12,Yes,No
Rosetta Davis,"102,787 $",A,Travel,2021-11-09,Yes,Yes
Alfred White,"137,948 $",B,Personal,2023-12-30,No,Yes
Glenn Gonzalez,"65,016 $",B,Travel,2024-12-19,Yes,Yes
Bertha Nguyen,"150,546 $",A,Education,2021-08-23,No,Yes
Jerome Fultz,"199,125 $",A,Business,2021-01-13,Yes,No
Terrance Wagner,"31,959 $",C,Education,2023-04-16,Yes,No
John Childs,"146,602 $",C,Car,2023-12-21,No,Yes
Carrie Hackett,"129,101 $",A,Education,2021-12-09,No,No
Gina Jarvis,"13,748 $",A,Travel,2020-11-02,Yes,Yes
Robert Truax,"23,545 $",C,Education,2022-02-17,No,Yes
Richard Williamson,"137,659 $",B,Education,2021-05-18,No,No
Mary Johnson,"175,838 $",A,Business,2020-09-24,Yes,No
Dolores Keylon,"83,530 $",C,Education,2024-05-28,Yes,Yes
Skye Cavallo,"103,557 $",B,Business,2020-01-08,Yes,Yes
Martha Reul,"71,087 $",A,Home,2021-05-22,No,No
Frances Dowell,"78,840 $",B,Car,2021-04-20,No,Yes
Amanda Kelley,"128,451 $",C,Business,2023-08-13,No,No
Wayne Thomas,"195,456 $",A,Travel,2020-06-12,No,Yes
Jason Parton,"61,005 $",B,Home,2021-04-29,Yes,Yes
Martin Young,"187,648 $",A,Business,2024-06-08,No,No
Ronna Mcphail,"49,353 $",B,Business,2022-12-31,Yes,No
Felicia Smith,"62,733 $",C,Car,2021-07-20,No,No
James Robertson,"75,318 $",C,Travel,2022-06-23,Yes,No
Johnathon Oldham,"164,736 $",A,Personal,2021-07-12,Yes,No
Dale Shufelt,"77,172 $",B,Personal,2020-08-25,Yes,No
Jodi Alonzo,"103,264 $",A,Business,2023-02-01,No,No
Diane Mcdaniel,"36,736 $",A,Education,2023-05-18,Yes,Yes
Krista Henry,"122,859 $",B,Travel,2021-07-07,Yes,Yes
Lola Stewart,"122,181 $",B,Home,2022-04-07,No,Yes
John Kintner,"141,926 $",B,Education,2021-04-12,Yes,No
Frank Hayden,"100,084 $",C,Education,2024-01-17,No,No
William Gonzales,"179,695 $",A,Travel,2023-07-15,No,No
Helen Waddell,"17,392 $",A,Business,2021-01-20,Yes,Yes
Marianne Raj,"65,680 $",C,Business,2022-02-13,Yes,No
Ashley Knowles,"187,789 $",B,Business,2022-04-27,No,No
John Littleton,"60,859 $",C,Business,2021-01-21,Yes,Yes
Dorothy Schulte,"135,657 $",C,Personal,2022-05-26,No,No
David Simpson,"167,381 $",C,Business,2020-09-15,No,Yes
Addie Green,"80,467 $",A,Personal,2020-10-09,No,Yes
Dawn Meraz,"193,734 $",C,Personal,2024-07-07,Yes,No
Denise Erdman,"108,506 $",A,Business,2020-02-09,No,No
Ashley Bonneville,"119,751 $",A,Car,2021-04-30,Yes,No
Erin Geisler,"128,906 $",A,Home,2022-07-17,Yes,Yes
David Miller,"153,760 $",B,Education,2020-08-07,Yes,Yes
Cornelia Sandberg,"35,342 $",A,Personal,2023-02-26,Yes,Yes
Colleen Lohr,"178,229 $",A,Travel,2022-10-11,No,No
Columbus Oh,"116,308 $",B,Travel,2022-10-20,Yes,No
Maria Hogue,"193,155 $",A,Home,2024-03-23,No,No
Peggy Lincoln,"116,081 $",C,Travel,2021-09-04,No,No
Lindsey Claassen,"99,045 $",C,Car,2022-07-16,Yes,Yes
James Howard,"44,698 $",A,Travel,2021-11-18,No,Yes
Fern Jordon,"120,078 $",B,Education,2024-06-30,No,Yes
Alfred Luttrell,"90,623 $",C,Education,2021-09-04,Yes,Yes
Frederick Terry,"32,671 $",B,Personal,2020-09-16,No,No
Chris Mcpherson,"166,256 $",B,Business,2022-09-16,No,No
Bryan Bowers,"103,384 $",C,Car,2022-08-23,No,No
Christopher Chiu,"183,179 $",B,Personal,2020-12-31,No,Yes
Christopher Samuels,"96,202 $",C,Car,2024-11-16,Yes,Yes
Wayne Lewis,"61,663 $",B,Business,2024-12-15,No,No
Richard Quintana,"25,708 $",C,Travel,2021-06-27,No,No
Casey Brannon,"101,906 $",A,Travel,2021-10-10,No,Yes
Ryan Bryant,"59,811 $",C,Business,2024-03-27,No,No
Bobby Lester,"143,883 $",C,Personal,2022-03-24,Yes,Yes
Dean Parks,"66,250 $",C,Business,2022-11-05,No,Yes
Russell Pullen,"122,547 $",C,Home,2023-02-26,Yes,Yes
Tanya Perron,"134,249 $",B,Education,2021-07-28,No,No
Loretta Pickens,"44,754 $",A,Personal,2023-02-06,Yes,No
Chasity Larsen,"152,483 $",C,Car,2022-10-09,Yes,Yes
Walter Lopez,"143,983 $",B,Home,2024-04-05,Yes,No
Lois Graf,"149,752 $",A,Personal,2021-10-31,Yes,Yes
Lee Heisserer,"94,896 $",A,Business,2020-09-25,Yes,Yes
Norman Jones,"81,295 $",A,Business,2023-03-31,No,Yes
Jennifer Deiss,"110,689 $",A,Business,2023-07-07,No,Yes
Jane Winer,"21,111 $",C,Business,2022-07-12,No,No
Annie Beyer,"47,504 $",C,Car,2023-01-30,Yes,Yes
Ricky Robinson,"142,874 $",B,Home,2024-03-09,No,Yes
Barbara Pulaski,"18,155 $",B,Travel,2024-10-24,Yes,No
Shirley Latham,"49,384 $",B,Education,2024-05-13,Yes,Yes
Earl Primeaux,"122,561 $",A,Car,2020-09-03,No,Yes
Audra Sommers,"57,254 $",A,Car,2024-07-21,No,No
Karen Sifre,"31,918 $",C,Travel,2024-12-23,Yes,No
Karen Smith,"95,981 $",A,Travel,2024-04-09,Yes,No
Linda Brooks,"40,306 $",A,Education,2020-05-10,No,Yes
Roxann Fike,"157,718 $",A,Education,2020-12-18,No,No
Charles Cox,"56,843 $",B,Travel,2020-07-14,No,No
Ann Wong,"130,975 $",B,Business,2024-12-21,No,Yes
Lela Gianotti,"106,601 $",C,Car,2022-07-18,Yes,Yes
Kevin Brus,"117,512 $",A,Personal,2024-08-16,No,Yes
Arturo Thornberry,"157,443 $",A,Education,2023-11-06,No,Yes
Spring Hamilton,"121,472 $",C,Education,2022-10-18,No,Yes
Charles Blazek,"143,121 $",A,Travel,2021-10-06,Yes,No
Floyd Horton,"172,688 $",A,Home,2020-08-14,Yes,No
Mary Mason,"113,727 $",B,Personal,2021-12-01,Yes,No
Amanda Nixon,"122,893 $",C,Personal,2024-02-08,Yes,Yes
Donald Musgrave,"30,932 $",C,Education,2024-02-09,No,Yes
Linda Roy,"127,796 $",C,Business,2020-09-21,Yes,Yes
Charmaine Hough,"39,855 $",C,Home,2023-10-27,No,No
William Thompson,"184,088 $",B,Personal,2024-02-18,No,No
Scott Ruiz,"17,400 $",B,Education,2023-12-28,No,Yes
David Fields,"127,858 $",A,Personal,2021-10-07,No,No
John Mooney,"183,714 $",A,Home,2020-07-29,Yes,Yes
Michael Davis,"25,151 $",A,Home,2024-05-14,Yes,No
Eunice Fedor,"192,479 $",A,Car,2023-11-01,Yes,No
Katherine Dahl,"76,690 $",B,Travel,2023-11-19,No,No
Tonya Chiles,"14,499 $",C,Travel,2024-01-13,No,Yes
Tracy Davies,"16,295 $",B,Education,2022-07-31,No,No
Geraldine Betance,"130,885 $",A,Home,2023-10-19,No,No
Mabel Myles,"136,071 $",B,Car,2021-04-01,No,Yes
Melissa Johnson,"69,040 $",C,Car,2021-12-25,Yes,No
Katherine Mcalister,"22,183 $",C,Personal,2024-10-17,No,Yes
Minnie Barta,"170,371 $",B,Personal,2023-06-03,Yes,Yes
Carolyn Higgs,"153,946 $",B,Car,2022-09-08,No,Yes
Troy Hoium,"126,336 $",B,Personal,2023-02-28,No,Yes
Johnnie Troutman,"42,711 $",A,Home,2021-08-10,Yes,Yes
Angela Mcconnell,"15,539 $",B,Business,2021-04-20,Yes,No
Christopher Hickman,"194,423 $",B,Home,2024-12-26,No,Yes
Tyrone Williamson,"189,426 $",B,Car,2022-09-12,No,Yes
Eva Berry,"136,063 $",C,Car,2023-07-24,No,Yes
John Phillips,"143,629 $",C,Home,2020-06-04,No,Yes
Margaret Weatherall,"48,360 $",A,Personal,2024-11-18,Yes,No
Daryl Bounds,"143,272 $",A,Personal,2023-05-26,No,Yes
Stan Gibbs,"188,047 $",C,Travel,2020-07-08,Yes,No
Genevieve Epps,"31,357 $",C,Car,2023-12-11,No,Yes
Josephine Castro,"129,121 $",C,Education,2022-09-07,Yes,No
Justin Mears,"87,505 $",B,Travel,2024-08-25,Yes,Yes
Desmond Hook,"12,869 $",B,Personal,2024-09-11,No,Yes
William Perry,"60,108 $",C,Home,2021-06-29,Yes,No
Mark Morse,"122,296 $",B,Personal,2020-02-10,No,Yes
Joshua Ammon,"104,179 $",B,Home,2020-11-02,Yes,No
Oscar Feldman,"100,272 $",A,Travel,2022-07-31,No,Yes
Michael Lawrence,"48,467 $",C,Car,2020-12-03,Yes,No
Patricia Yeast,"33,328 $",C,Personal,2023-08-30,No,Yes
Kenneth Ragasa,"101,412 $",B,Home,2023-01-03,No,Yes
Lauren Pooler,"145,059 $",C,Car,2022-08-10,Yes,No
Ashley Bean,"68,871 $",A,Education,2020-10-05,Yes,Yes
Elizabeth Nye,"163,471 $",A,Home,2023-04-14,Yes,Yes
Lillian Hobbs,"138,391 $",A,Travel,2022-06-14,Yes,Yes
Brent Devoe,"187,286 $",C,Education,2024-08-12,No,Yes
Elizabeth Bennett,"96,416 $",C,Education,2020-09-29,Yes,Yes
Jennifer Colarusso,"80,271 $",C,Business,2022-04-16,No,Yes
Sanjuanita Shively,"54,064 $",C,Personal,2021-09-11,Yes,No
Arla Wagner,"117,450 $",C,Home,2024-08-01,No,No
Cory Dixon,"181,890 $",A,Education,2022-05-11,No,No
Fred Thissen,"186,597 $",B,Business,2024-12-11,No,Yes
Dennis James,"29,830 $",A,Travel,2022-07-19,No,No
Pamela Nielsen,"158,501 $",C,Car,2020-10-15,Yes,Yes
Cassandra Wooton,"147,965 $",A,Home,2021-12-24,Yes,Yes
Pandora Chalender,"126,381 $",C,Education,2022-06-11,No,Yes
Holly Gellings,"57,333 $",C,Personal,2020-09-28,Yes,Yes
Victoria Tonner,"144,508 $",A,Business,2022-12-25,Yes,No
Mary Corradino,"86,213 $",C,Education,2021-04-27,No,Yes
Marie Davis,"146,967 $",B,Personal,2022-07-24,Yes,No
Anne Wells,"160,810 $",C,Education,2020-09-04,Yes,Yes
Frank Rayl,"40,746 $",B,Home,2020-06-04,Yes,No
Mary Martin,"59,377 $",B,Home,2022-12-06,No,No
Damaris Smith,"189,476 $",C,Home,2021-03-29,Yes,No
Jerry Dipaola,"64,045 $",A,Travel,2020-07-19,No,No
Imogene Wigley,"107,888 $",B,Travel,2024-08-10,Yes,No
Robert Lewis,"180,862 $",A,Business,2020-05-03,Yes,No
Thomas Mccormack,"117,455 $",B,Home,2020-01-01,Yes,Yes
Frank Quinones,"146,672 $",C,Personal,2022-08-25,No,No
Milan Matthews,"103,179 $",C,Education,2024-11-17,No,Yes
Edward Ragan,"181,836 $",B,Car,2022-05-04,Yes,No
Randy Page,"55,714 $",C,Personal,2021-10-01,No,Yes
Mary Miller,"197,907 $",B,Travel,2020-07-09,Yes,No
Charles Laguna,"112,946 $",C,Travel,2024-05-21,No,No
Elizabeth Hane,"119,616 $",A,Personal,2021-05-30,No,Yes
Robert Hofer,"115,983 $",C,Travel,2021-03-17,Yes,No
Desiree Ronn,"197,563 $",A,Home,2020-05-22,Yes,No
Anthony Chesley,"134,123 $",C,Business,2023-04-29,Yes,No
Jody Garcia,"159,661 $",A,Education,2021-06-16,Yes,Yes
Carolyn Spence,"53,484 $",C,Business,2020-08-14,No,No
Joshua Vanorden,"92,989 $",A,Education,2023-08-29,No,Yes
Juan Wood,"46,212 $",B,Education,2024-07-10,No,No
Kevin Mellon,"53,525 $",B,Business,2022-08-06,Yes,No
Kendra Dick,"188,274 $",A,Personal,2023-08-18,Yes,Yes
George Henderson,"173,707 $",C,Education,2024-08-04,No,No
Sandra Bergmann,"73,208 $",A,Business,2021-04-04,Yes,No
Sarah Whitson,"43,828 $",C,Education,2023-11-25,No,Yes
Mary Lester,"159,783 $",B,Car,2021-07-04,No,No
Nelson Sanderson,"13,420 $",C,Personal,2021-01-27,No,Yes
Donna Sheehan,"106,752 $",B,Home,2024-11-22,No,Yes
Brian Unnasch,"141,373 $",C,Education,2022-04-24,No,Yes
Carlos Humphrey,"186,308 $",C,Car,2023-05-15,Yes,No
Sabra Mcintyre,"125,294 $",C,Home,2020-07-28,Yes,Yes
Elizabeth Mcclary,"195,312 $",A,Home,2023-02-12,Yes,Yes
Mary Crow,"134,019 $",A,Education,2024-10-26,No,No
Jack Coleman,"75,726 $",B,Business,2021-10-07,No,Yes
Terri Reason,"151,564 $",B,Education,2023-06-28,No,No
Joyce Mcelroy,"125,668 $",A,Car,2020-08-06,No,No
Clint Crotty,"16,102 $",B,Home,2021-02-10,Yes,No
Reuben Alger,"191,408 $",A,Education,2024-01-06,Yes,No
Sarah Tyler,"128,015 $",C,Business,2024-06-14,No,Yes
John Welch,"36,641 $",B,Education,2023-10-09,No,Yes
Shanda Allton,"175,656 $",B,Personal,2022-06-06,No,Yes
Teri Jones,"173,817 $",A,Business,2021-07-11,Yes,Yes
Curtis Fane,"164,165 $",B,Car,2021-07-03,Yes,Yes
Forrest Miller,"113,746 $",B,Home,2020-05-21,Yes,No
Velma Cottier,"192,957 $",C,Education,2021-09-03,No,Yes
Edna Huddleston,"46,631 $",B,Business,2021-05-15,No,Yes
John Fox,"82,991 $",C,Personal,2022-04-19,Yes,Yes
Vincent Mathews,"14,014 $",A,Business,2021-12-02,No,No
Jennifer Spivey,"21,093 $",B,Travel,2024-04-19,Yes,No
David Diggs,"28,070 $",C,Personal,2024-08-09,No,Yes
Patricia Dumas,"45,777 $",A,Car,2024-04-14,Yes,No
Amelia Stillwell,"66,958 $",B,Home,2024-03-10,No,Yes
Terry Fearn,"92,074 $",A,Car,2021-08-18,Yes,Yes
Lois Cherenfant,"20,729 $",B,Education,2020-10-07,Yes,No
Anita Mayette,"186,089 $",A,Business,2021-02-27,Yes,No
Louis Williams,"168,823 $",A,Travel,2022-05-05,Yes,Yes
Janine Respess,"115,864 $",C,Personal,2020-09-26,Yes,Yes
Dorothy Sykes,"140,858 $",A,Personal,2020-06-02,Yes,No
Peter Kapinos,"115,510 $",B,Business,2021-09-05,No,Yes
Carl Austin,"64,748 $",B,Travel,2024-10-16,No,No
Timothy Garey,"15,801 $",C,Business,2021-10-23,No,Yes
Lynette Applebaum,"160,262 $",B,Education,2020-03-23,Yes,No
Rebecca Underwood,"190,761 $",B,Car,2024-07-03,Yes,Yes
Alfred Bovee,"192,065 $",B,Personal,2022-08-04,No,Yes
Mary Liriano,"39,592 $",A,Education,2022-06-17,Yes,No
Sadie Valcourt,"20,647 $",A,Car,2023-12-20,Yes,Yes
Irene Bailey,"149,788 $",B,Education,2023-07-22,Yes,Yes
Darnell Martin,"120,627 $",C,Travel,2024-10-02,Yes,No
George West,"80,316 $",A,Personal,2020-10-10,Yes,Yes
Robert Eden,"12,368 $",C,Business,2022-09-06,No,Yes
Mollie Hunter,"87,575 $",B,Business,2020-06-21,No,Yes
Charles Allery,"16,655 $",B,Car,2023-09-12,No,No
Ashley Taylor,"80,031 $",A,Home,2024-10-07,No,No
Eli Williams,"97,922 $",B,Travel,2022-12-22,No,No
Larry Blansett,"196,838 $",A,Car,2023-01-01,Yes,Yes
Charles Horowitz,"134,046 $",B,Home,2022-02-01,Yes,Yes
Jerry Mccay,"154,475 $",B,Education,2024-07-17,Yes,Yes
Herbert Turner,"42,097 $",A,Travel,2023-10-30,Yes,Yes
Myrna Bouwkamp,"152,038 $",A,Education,2021-09-24,No,No
Daniel Pineda,"134,862 $",A,Personal,2024-03-11,No,Yes
Kathy Robinson,"128,834 $",B,Travel,2022-02-25,No,Yes
Clay Lynch,"103,848 $",B,Home,2022-07-31,Yes,Yes
Jeanne Newman,"62,921 $",C,Personal,2022-10-08,No,No
Patricia Diaz,"190,798 $",A,Business,2021-02-01,Yes,Yes
Cheri Creach,"136,141 $",B,Home,2023-02-17,No,Yes
Mabel Brown,"191,372 $",B,Car,2022-07-22,No,Yes
Catherine Warren,"32,677 $",A,Business,2023-12-31,Yes,Yes
Loretta Gillenwater,"65,609 $",C,Business,2021-11-06,Yes,Yes
Gerald Thomas,"197,733 $",A,Car,2022-07-24,No,No
Michael Powell,"41,024 $",C,Travel,2021-04-09,No,Yes
Matthew Davidson,"80,313 $",B,Business,2020-10-12,Yes,Yes
Michael Bingham,"137,813 $",C,Home,2020-09-21,No,Yes
Weston Zimmerman,"194,078 $",B,Personal,2020-11-15,No,Yes
Matthew Syphers,"105,285 $",A,Business,2021-11-03,Yes,Yes
Walter Flores,"156,410 $",A,Home,2023-10-31,No,Yes
Richard Wise,"123,632 $",A,Education,2022-03-30,Yes,Yes
Viviana Hardwick,"160,580 $",C,Home,2020-03-29,No,Yes
Alyssa Scott,"13,051 $",B,Personal,2024-08-04,Yes,Yes
Daniel Wallace,"189,819 $",A,Home,2023-05-11,No,Yes
Marjorie Howell,"124,692 $",A,Car,2022-03-31,Yes,No
Frank Weaver,"97,235 $",B,Personal,2024-10-28,No,No
Annie Holmes,"195,093 $",A,Travel,2022-09-27,Yes,No
Barbra Sherrill,"199,407 $",B,Education,2020-11-29,No,No
Erik Harding,"197,251 $",B,Car,2020-08-09,No,Yes
Mathew Pye,"173,165 $",B,Travel,2020-02-10,No,No
Paula Barton,"180,806 $",B,Home,2024-09-27,No,No
Mary Godeaux,"83,523 $",B,Personal,2020-03-08,No,Yes
Janet Bullock,"104,476 $",C,Education,2022-09-14,No,No
Lisa Kostyla,"27,019 $",A,Car,2024-12-04,No,No
Donald Chauez,"93,613 $",C,Travel,2021-05-28,No,Yes
Howard Jackson,"96,672 $",A,Travel,2024-07-18,No,Yes
Micheal Shavers,"83,847 $",C,Education,2024-07-03,Yes,Yes
Pierre Lovett,"92,750 $",B,Home,2024-06-09,Yes,No
Gary Hackman,"38,251 $",A,Education,2024-07-13,No,No
John Stocker,"113,481 $",A,Travel,2023-02-24,Yes,Yes
Mark Duncan,"122,566 $",C,Business,2023-07-02,No,Yes
Albert Williams,"35,945 $",C,Car,2021-11-25,No,No
Frances Devereux,"100,852 $",A,Education,2022-11-05,Yes,Yes
George Sistrunk,"42,217 $",C,Travel,2021-04-21,No,No
Ronald Lopez,"18,308 $",C,Home,2022-12-21,No,Yes
Sarah Bond,"15,949 $",C,Travel,2022-05-30,Yes,Yes
Ronald Contreras,"193,062 $",B,Home,2021-03-07,Yes,No
Frank Pettry,"142,222 $",B,Education,2024-08-20,No,Yes
Thelma Vanhuss,"110,235 $",C,Home,2020-09-24,Yes,Yes
Manuela Chambers,"84,740 $",C,Personal,2022-11-24,Yes,Yes
Susan Nichols,"126,352 $",B,Personal,2022-02-17,No,No
Bonnie Mcentegart,"76,617 $",B,Personal,2024-05-18,Yes,Yes
Nancy Radaker,"26,896 $",A,Business,2021-05-08,Yes,Yes
Billy Moniz,"140,798 $",A,Education,2024-05-04,No,Yes
Michelle Marble,"187,247 $",B,Travel,2024-02-01,Yes,Yes
Kelly Gatling,"148,877 $",C,Travel,2024-11-25,Yes,Yes
Linda Mcdonald,"15,237 $",C,Business,2021-10-22,No,Yes
Jose Spangler,"30,056 $",C,Home,2023-09-10,No,No
Mindy Nardini,"186,615 $",C,Business,2023-08-20,No,No
Claude Barnett,"197,628 $",A,Home,2023-07-23,Yes,Yes
James Burgess,"124,548 $",B,Home,2024-09-03,No,No
Douglas Stapleton,"121,488 $",C,Car,2022-10-09,No,No
Bernard Holmes,"144,415 $",A,Travel,2023-05-09,Yes,Yes
Catherine Jackson,"154,572 $",C,Personal,2024-01-08,No,No
Patrick Gonzales,"194,294 $",B,Home,2023-09-09,No,No
Robbin Mulkey,"39,375 $",A,Car,2022-11-24,No,No
Louise Kallas,"150,734 $",B,Travel,2022-09-03,No,No
Christopher Tooze,"26,964 $",B,Personal,2021-04-26,Yes,No
Corinne Ellis,"123,429 $",A,Home,2021-12-28,No,No
Joseph Howard,"77,215 $",A,Home,2021-04-24,No,No
James Potocki,"79,042 $",A,Business,2022-12-24,Yes,No
Troy Adrian,"154,356 $",A,Business,2022-10-28,No,Yes
Jennifer Ashley,"103,468 $",A,Travel,2023-08-17,Yes,Yes
Yolanda Small,"19,435 $",A,Personal,2020-12-08,Yes,No
Desmond Smith,"195,412 $",A,Home,2023-12-25,Yes,No
Dan Segal,"185,150 $",C,Travel,2023-12-18,No,Yes
John Brenner,"88,832 $",B,Travel,2020-11-27,Yes,No
Mattie Drumheller,"61,293 $",A,Education,2021-03-13,Yes,No
James Bock,"88,781 $",C,Business,2024-05-30,Yes,Yes
Christopher Greene,"170,196 $",C,Personal,2020-06-22,No,Yes
Margaret Plant,"53,919 $",C,Home,2021-07-12,No,Yes
Frank Osborne,"176,319 $",B,Travel,2021-06-10,No,No
Elsie Brady,"131,172 $",A,Home,2021-10-20,No,No
Clarissa Carter,"104,758 $",C,Education,2020-01-26,No,Yes
Dorothy Murtagh,"66,573 $",B,Personal,2022-03-30,No,Yes
Ernest Luong,"69,101 $",B,Travel,2021-08-27,No,No
Kristy Mcfadden,"36,646 $",B,Home,2021-02-09,Yes,Yes
Kellee Robinson,"114,185 $",C,Business,2020-08-19,Yes,No
Richard Diaz,"33,049 $",A,Education,2021-06-16,Yes,No
Jeffrey Reynolds,"108,116 $",C,Personal,2024-04-22,Yes,Yes
Donna Derryberry,"107,379 $",C,Education,2024-12-16,No,Yes
Beverly Mertz,"78,385 $",A,Business,2021-05-19,Yes,No
Selena Mcdill,"136,131 $",A,Personal,2024-08-19,Yes,Yes
Ruby Merchant,"181,230 $",A,Education,2020-06-27,Yes,Yes
Timothy Martin,"33,289 $",B,Car,2020-05-11,Yes,Yes
Edward Mccollum,"120,226 $",A,Business,2024-01-18,No,Yes
Denise Hisey,"110,793 $",C,Business,2020-12-13,No,No
Pamela Speck,"19,823 $",A,Business,2021-06-23,No,No
Kerri Tate,"51,975 $",C,Car,2022-02-10,Yes,No
Tammy Acevedo,"19,540 $",B,Car,2023-11-30,No,No
Jesse Robinson,"26,364 $",C,Home,2020-03-16,Yes,Yes
Marie Egan,"145,683 $",C,Travel,2021-08-01,No,Yes
Jerry Weiss,"37,663 $",A,Education,2022-05-03,No,No
Carolyn Davis,"61,991 $",A,Home,2024-02-24,No,No
William Hobbs,"198,751 $",C,Education,2020-07-12,No,Yes
Dominique Nieto,"114,182 $",A,Travel,2023-03-31,No,No
Brian Sammer,"172,049 $",B,Car,2020-12-12,Yes,No
Michelle Shepard,"104,704 $",B,Travel,2022-08-08,No,Yes
Starr Henderson,"59,115 $",A,Car,2023-10-16,Yes,No
Raymon Javier,"101,007 $",B,Travel,2024-11-27,Yes,Yes
David Moore,"159,143 $",A,Home,2024-05-26,Yes,Yes
Christopher Brown,"21,938 $",C,Personal,2023-01-15,Yes,No
Timothy Unger,"176,267 $",C,Home,2023-07-09,Yes,Yes
Douglas Thompson,"101,680 $",B,Education,2020-08-01,No,No
Vanessa Oxley,"14,000 $",A,Home,2024-08-15,No,Yes
Stefan Williams,"111,042 $",A,Business,2024-10-11,No,No
Robert Eberly,"103,610 $",B,Education,2021-07-26,No,No
Viola Bryant,"113,691 $",C,Travel,2022-02-18,Yes,No
Stanley Hines,"48,304 $",B,Education,2020-09-18,No,Yes
Mark Carlson,"79,449 $",C,Personal,2021-12-30,No,Yes
Mark Duncan,"92,986 $",A,Car,2020-10-09,Yes,No
Brad Gagnon,"161,836 $",C,Travel,2024-07-29,Yes,Yes
Elouise Baxter,"118,940 $",B,Education,2024-01-30,No,No
Martha Dewar,"48,494 $",A,Travel,2023-11-04,No,No
James Shelton,"13,373 $",B,Travel,2020-12-27,Yes,Yes
Joshua Routson,"153,233 $",B,Travel,2024-01-12,No,No
Edward Mccoy,"107,532 $",C,Car,2021-03-16,No,Yes
Dorothy Koehler,"102,658 $",B,Home,2020-04-02,No,No
Naomi Vajgrt,"133,633 $",C,Travel,2024-07-02,No,Yes
Antonio Ashman,"110,386 $",A,Business,2022-01-22,Yes,No
Greg Ward,"37,350 $",C,Personal,2022-05-16,Yes,No
Alfred Mcdonald,"103,008 $",A,Car,2023-12-18,Yes,Yes
Curtis White,"104,297 $",C,Education,2020-05-21,No,No
Diane Brashear,"35,351 $",B,Car,2023-08-07,No,No
Gregoria Pope,"98,668 $",C,Education,2023-12-26,No,Yes
Matthew Muhammad,"124,585 $",C,Car,2022-01-18,No,No
Michael Floyd,"156,377 $",A,Education,2024-09-08,No,Yes
Marie Shelton,"85,353 $",B,Travel,2021-10-14,Yes,No
Alberto Lott,"75,953 $",C,Home,2021-12-01,No,Yes
Steven Banta,"67,458 $",B,Education,2022-09-24,No,No
Bruce Mosley,"30,358 $",C,Education,2020-02-18,Yes,No
Lori Colter,"13,267 $",C,Business,2023-08-18,No,No
Derrick Linares,"92,745 $",B,Education,2022-05-30,Yes,Yes
Eleanor Andrews,"99,588 $",C,Business,2023-04-28,Yes,Yes
Claudio Meyers,"48,513 $",B,Personal,2023-03-05,Yes,Yes
Angela Ochoa,"167,164 $",C,Travel,2021-07-08,Yes,Yes
Benjamin Maciejewski,"21,338 $",A,Business,2021-02-07,Yes,No
Ernesto Rape,"141,484 $",B,Home,2022-06-10,No,No
Norman Miller,"17,543 $",C,Travel,2022-05-14,Yes,Yes
Anita Sullivan,"115,891 $",C,Business,2021-08-24,Yes,Yes
Neva Gaiser,"174,568 $",A,Travel,2020-12-06,No,Yes
Greg Watts,"70,692 $",B,Travel,2024-11-15,No,No
Marsha Carter,"54,425 $",C,Travel,2021-12-04,Yes,Yes
Anita Epps,"48,756 $",A,Personal,2020-11-13,No,Yes
Dennis Larrick,"28,888 $",C,Home,2021-09-09,No,No
Lupe Laird,"176,807 $",B,Car,2023-10-18,Yes,No
Eduardo Shultis,"57,295 $",C,Car,2021-01-16,Yes,Yes
Brenda Railsback,"124,352 $",C,Business,2020-08-20,No,No
Cynthia Wood,"93,042 $",C,Travel,2024-12-05,Yes,Yes
Phyllis Mayer,"95,999 $",C,Business,2023-09-29,Yes,No
Casey Pearce,"27,955 $",A,Personal,2024-04-21,No,Yes
William Ledingham,"47,841 $",A,Personal,2022-03-27,Yes,Yes
Brenda Hendrie,"80,640 $",B,Education,2021-07-06,Yes,Yes
Robert Olson,"175,983 $",A,Personal,2024-04-01,Yes,Yes
Herbert Snow,"148,429 $",A,Education,2022-05-05,Yes,No
Fred Ward,"173,551 $",B,Home,2024-12-17,Yes,No
Brian Leal,"71,476 $",A,Business,2022-03-29,No,No
Rhonda Boulerice,"54,811 $",A,Home,2024-05-13,No,No
Theodore Richburg,"177,280 $",B,Personal,2020-07-01,Yes,Yes
Erin Holt,"161,222 $",B,Home,2022-11-30,No,Yes
Harvey King,"81,180 $",B,Home,2024-04-23,Yes,No
Kevin Moore,"184,358 $",C,Home,2021-01-31,Yes,No
Elizabeth Hogan,"122,856 $",C,Personal,2024-09-23,Yes,No
Gerald Gustafson,"78,450 $",B,Travel,2022-02-17,Yes,No
Margaret Cordero,"162,424 $",B,Home,2024-02-26,Yes,No
Linda Gray,"196,141 $",B,Education,2024-08-09,No,Yes
George Burke,"121,888 $",C,Personal,2022-06-25,No,Yes
Bonnie Jenkins,"120,448 $",C,Home,2023-09-18,Yes,Yes
William Dicken,"24,397 $",A,Travel,2020-05-06,No,No
Derek Parrish,"182,627 $",A,Personal,2024-04-30,Yes,No
Ashley Colon,"188,031 $",B,Car,2024-04-29,No,No
Amy Galarza,"141,800 $",C,Travel,2020-01-01,Yes,No
Jennifer Barnette,"191,589 $",C,Education,2023-04-06,No,Yes
Nicholas Erickson,"129,180 $",C,Home,2024-07-01,Yes,Yes
Charles Watkins,"76,234 $",B,Car,2020-01-19,Yes,No
Patrick Stahnke,"49,954 $",A,Car,2023-09-17,No,Yes
Kelvin Turbeville,"188,352 $",B,Personal,2021-08-06,No,Yes
Bobby Leduc,"89,459 $",A,Car,2021-03-31,Yes,No
Carl Johnson,"157,851 $",A,Education,2022-08-14,No,No
Carl Pinera,"165,538 $",B,Education,2023-02-06,Yes,No
Jose Laffoon,"178,011 $",A,Business,2023-07-15,No,No
Susan Barnwell,"176,342 $",A,Education,2021-03-20,No,No
Robert Sysyn,"69,163 $",C,Travel,2023-06-17,Yes,No
Corey Stuckey,"61,934 $",A,Car,2023-08-17,No,Yes
Franklin Leppla,"173,379 $",B,Education,2021-08-24,No,Yes
Milford Jackson,"64,098 $",B,Personal,2020-04-12,Yes,No
Vernon Bright,"15,486 $",A,Business,2022-09-14,No,Yes
Rodolfo Levy,"149,407 $",C,Car,2023-06-27,Yes,No
Martha Peeden,"96,900 $",C,Business,2024-01-16,Yes,No
Mae Kent,"136,020 $",A,Car,2021-06-03,Yes,No
Todd Lawton,"112,795 $",A,Personal,2023-03-22,Yes,No
Delbert Heckert,"152,202 $",B,Business,2022-05-08,Yes,Yes
Patrick Boltz,"97,508 $",A,Home,2020-06-22,No,No
Alan Lombard,"128,324 $",C,Travel,2023-09-28,Yes,Yes
Gail Brogan,"70,566 $",A,Travel,2024-08-20,Yes,No
Petra Brown,"37,192 $",B,Car,2022-10-01,No,No
Ada Dieppa,"11,062 $",B,Home,2021-03-06,No,No
Michael Barajas,"94,076 $",B,Business,2021-12-27,No,Yes
Bonnie Carbone,"99,780 $",B,Home,2024-09-08,Yes,No
Jose Milosevic,"162,617 $",B,Home,2024-09-06,Yes,No
Rose Kelly,"31,689 $",A,Business,2022-04-29,Yes,No
Stephanie Longo,"21,174 $",A,Personal,2024-08-08,No,Yes
Howard Burns,"98,461 $",A,Home,2023-09-09,Yes,Yes
Johnathan Brunson,"136,174 $",A,Home,2022-09-16,No,Yes
Victor Collier,"113,033 $",B,Personal,2024-08-23,Yes,No
Rodger Ley,"19,348 $",C,Home,2021-09-30,No,Yes
Felix Cohen,"164,786 $",A,Home,2021-02-23,Yes,No
Courtney Sites,"48,102 $",C,Home,2021-08-16,Yes,Yes
Ryan Bagley,"84,460 $",A,Travel,2021-04-29,Yes,Yes
Theodore Draper,"112,634 $",A,Education,2024-08-09,No,No
Robert Federico,"99,930 $",C,Personal,2024-11-09,No,Yes
Betty Miller,"16,801 $",B,Home,2021-02-15,Yes,No
Maggie Burrell,"113,150 $",A,Travel,2022-07-24,Yes,No
German Watkins,"189,208 $",A,Personal,2023-01-12,Yes,Yes
Moses Ornelas,"164,697 $",A,Car,2023-02-10,No,No
Winnie Bailey,"185,333 $",C,Car,2024-10-26,Yes,No
Leonard Peters,"11,542 $",B,Home,2020-11-27,Yes,Yes
Donald Mccarty,"31,677 $",C,Travel,2023-11-02,Yes,Yes
Betty Williams,"187,804 $",C,Travel,2024-11-13,Yes,No
Michael Mike,"191,415 $",B,Personal,2021-10-16,No,Yes
Anthony Mankel,"49,081 $",C,Personal,2020-02-10,No,No
Terence Fox,"103,105 $",B,Travel,2024-11-28,Yes,No
Mark Tate,"29,065 $",A,Personal,2022-08-16,Yes,Yes
Madge Bush,"98,092 $",B,Travel,2024-12-25,No,Yes
Fred Rios,"64,693 $",A,Education,2020-04-14,No,Yes
Jason Browning,"36,962 $",C,Travel,2020-07-20,Yes,Yes
Carol Garza,"38,295 $",C,Car,2021-03-25,No,No
Helen Benson,"23,807 $",A,Personal,2023-07-13,No,No
Sarah Mitchell,"183,420 $",C,Travel,2022-06-28,Yes,Yes
Sharon Mitchell,"167,504 $",B,Travel,2020-07-28,No,Yes
Michelle Peacock,"198,926 $",A,Personal,2021-07-16,No,No
Daniel Johnson,"181,334 $",C,Education,2023-02-15,Yes,No
John Lacy,"178,152 $",A,Education,2021-12-13,Yes,No
Willie Pacheco,"142,396 $",B,Personal,2023-11-01,No,No
Gregory Brinker,"101,267 $",B,Business,2024-04-23,Yes,Yes
Debra Kaye,"176,981 $",C,Personal,2024-04-12,No,No
Edward Williams,"29,870 $",B,Personal,2022-02-09,Yes,No
Charles Cordero,"175,650 $",A,Education,2023-01-12,No,Yes
Bobbie Robinson,"36,790 $",B,Education,2021-03-29,Yes,No
Amy Hoium,"128,874 $",A,Personal,2021-10-28,No,No
Evelyn Staggs,"35,289 $",A,Personal,2021-09-20,No,Yes
Brain Pierce,"196,201 $",B,Personal,2024-03-17,No,Yes
Helen Urie,"25,485 $",C,Education,2024-06-16,Yes,Yes
Wanda Byrd,"54,482 $",B,Personal,2024-08-28,Yes,No
Sue Wright,"96,188 $",A,Personal,2021-01-21,No,No
Christopher Lunstrum,"14,748 $",A,Home,2023-10-05,No,Yes
Jessica Beveridge,"150,507 $",B,Business,2020-10-22,Yes,Yes
Ann Yoo,"13,709 $",C,Car,2020-09-14,Yes,No
Valerie Larson,"133,961 $",C,Business,2023-01-09,Yes,Yes
Leonor Rusko,"40,355 $",A,Home,2020-09-24,Yes,Yes
Teresa Sunderman,"196,843 $",A,Car,2021-02-22,Yes,Yes
Robert Duffy,"198,871 $",C,Personal,2020-08-22,Yes,No
Jesse Gregory,"154,188 $",B,Home,2023-08-27,No,No
Patricia Lawson,"166,542 $",A,Personal,2022-09-12,Yes,No
Isreal Dehaven,"183,416 $",A,Education,2023-10-12,No,No
Wade Mitchum,"52,918 $",C,Travel,2023-05-21,Yes,No
Roger Degen,"62,224 $",B,Home,2021-07-27,Yes,No
Woodrow Rose,"49,298 $",C,Education,2020-02-18,No,Yes
Sonya Mcgaha,"90,219 $",B,Home,2023-02-24,No,No
Michael Orman,"71,629 $",B,Home,2020-08-10,Yes,No
Kenneth Lanzillo,"76,040 $",B,Education,2022-07-09,No,Yes
Michael Kaiser,"38,016 $",A,Car,2023-07-26,No,No
Mary Garza,"33,960 $",C,Business,2023-12-02,No,No
Margie Faris,"43,591 $",C,Personal,2024-03-08,No,Yes
Daniel Williams,"113,333 $",B,Home,2023-08-10,Yes,Yes
Katrina Feyh,"124,821 $",A,Personal,2024-12-24,No,Yes
Michael Swayzer,"46,395 $",A,Travel,2020-10-03,Yes,No
Jerry Marshall,"139,695 $",C,Education,2024-01-01,Yes,Yes
Phillip Millette,"163,772 $",A,Personal,2023-02-04,Yes,No
Eric Miller,"44,620 $",A,Education,2024-08-08,Yes,No
Reuben Sanchez,"138,148 $",B,Personal,2021-02-23,No,No
Adeline Lock,"30,559 $",A,Business,2021-09-02,No,No
Miriam Green,"103,396 $",B,Business,2023-12-23,Yes,Yes
Ann Zanders,"31,732 $",C,Business,2021-01-09,Yes,Yes
Charles Doering,"101,362 $",A,Business,2020-03-13,Yes,No
Benjamin Cox,"171,426 $",C,Business,2024-07-15,Yes,Yes
Issac Dawson,"23,843 $",C,Business,2022-11-19,No,No
Mitchell Hester,"124,065 $",A,Education,2023-04-26,Yes,No
Kyle Chavez,"81,726 $",A,Home,2023-10-19,No,No
Mary Talley,"27,640 $",C,Personal,2024-12-28,Yes,Yes
William Hall,"62,528 $",A,Business,2024-01-14,Yes,No
Randy Peterson,"48,413 $",B,Education,2020-07-13,Yes,No
Brandi Boston,"62,638 $",B,Education,2023-03-25,Yes,Yes
Shirley Morales,"193,808 $",A,Education,2023-04-10,No,Yes
Phyllis Anderson,"120,133 $",C,Home,2022-04-26,No,Yes
John Flanagan,"116,357 $",A,Personal,2022-11-30,No,Yes
Ryan Polster,"160,159 $",A,Home,2022-12-22,Yes,No
Paula Sheridan,"182,502 $",C,Car,2020-01-23,Yes,Yes
John Morgan,"165,576 $",C,Education,2020-12-25,No,No
Lance Davis,"148,186 $",B,Car,2023-01-03,No,Yes
John Jones,"88,859 $",C,Travel,2021-07-13,Yes,Yes
James Church,"109,657 $",B,Business,2021-11-02,Yes,Yes
Eugene Brown,"152,047 $",C,Business,2023-02-15,No,Yes
Deborah Burnett,"21,023 $",A,Home,2024-06-23,Yes,Yes
Clayton Catano,"31,447 $",B,Personal,2023-11-04,Yes,Yes
Nathan Barlow,"135,899 $",B,Car,2021-11-09,No,No
Carolyn Pineda,"33,959 $",B,Personal,2023-08-06,Yes,Yes
Martha Owens,"76,203 $",A,Home,2021-03-15,No,Yes
Ellsworth Yelton,"129,156 $",A,Business,2024-08-18,Yes,Yes
Oscar Dull,"170,775 $",A,Personal,2022-07-21,No,Yes
Dorine Clayton,"19,337 $",A,Personal,2020-01-07,Yes,No
Edward Austin,"56,427 $",A,Business,2023-05-04,No,Yes
John Peck,"71,529 $",B,Car,2021-02-24,No,Yes
Derek Conlin,"112,023 $",A,Business,2024-05-10,No,Yes
Kenneth Geffre,"94,665 $",B,Personal,2022-04-12,No,Yes
Karl Bonnett,"115,787 $",A,Car,2023-05-01,Yes,No
Kenneth Darland,"172,993 $",C,Car,2021-07-12,Yes,Yes
Barbara Petitt,"43,307 $",B,Business,2023-03-17,No,No
Dawn Young,"168,427 $",C,Personal,2024-12-15,Yes,Yes
Betty Kuznicki,"137,016 $",B,Home,2024-08-19,Yes,No
Carrie Betancourt,"14,835 $",C,Personal,2023-05-10,Yes,No
Lonnie Heffernan,"30,159 $",A,Education,2024-01-07,Yes,Yes
Donald Pena,"188,677 $",A,Travel,2022-07-02,Yes,Yes
Shane Munger,"131,790 $",A,Home,2023-12-13,No,No
Michael Iddings,"115,616 $",B,Car,2023-12-21,No,No
Alice Oconnor,"179,160 $",C,Home,2022-10-03,No,Yes
Eleonor Mundy,"88,752 $",A,Car,2024-02-11,No,No
Darren Olson,"65,284 $",C,Car,2024-02-07,Yes,No
Jose Tam,"67,043 $",C,Home,2020-05-05,Yes,No
Sonia French,"176,619 $",A,Car,2021-01-29,No,Yes
Maggie Lee,"107,007 $",A,Car,2022-03-27,Yes,No
Kevin Brooks,"92,844 $",C,Education,2022-05-30,Yes,No
Joseph Fairbanks,"37,532 $",A,Personal,2021-07-29,No,No
Barbara Ligon,"175,421 $",A,Personal,2020-11-20,Yes,Yes
Kira Esparza,"132,402 $",A,Travel,2023-11-16,No,Yes
Sue Powers,"128,012 $",B,Travel,2022-07-18,No,No
John Tudor,"186,517 $",C,Education,2024-09-07,Yes,Yes
Shanna Horton,"146,785 $",C,Travel,2024-07-09,Yes,No
Henry Sims,"66,178 $",B,Home,2024-01-03,No,Yes
Marion Vereen,"59,407 $",C,Business,2023-05-12,No,Yes
Mindy Sanchez,"60,990 $",A,Business,2024-02-18,Yes,No
Seth Ryan,"139,473 $",C,Business,2022-04-12,No,Yes
Kathy Velasquez,"68,141 $",A,Education,2022-11-20,No,Yes
Larry Beckwith,"164,865 $",B,Education,2023-11-12,No,Yes
David Herrera,"66,570 $",A,Car,2024-07-06,Yes,No
Christopher Eaton,"178,964 $",C,Business,2023-12-28,No,Yes
Sandra Moody,"11,015 $",C,Home,2022-04-16,Yes,Yes
Beverly Murphy,"71,813 $",C,Travel,2022-07-14,No,No
Lance Dias,"37,712 $",B,Home,2023-10-31,Yes,Yes
Charles Matteson,"110,497 $",B,Travel,2023-09-29,No,Yes
Paul Perla,"149,487 $",C,Business,2021-03-18,Yes,Yes
Ann Dennison,"122,816 $",A,Business,2024-05-21,Yes,Yes
Idella Sung,"138,778 $",B,Business,2020-03-15,Yes,Yes
Adrian Lopez,"72,292 $",C,Education,2021-07-10,No,No
Catherine Campbell,"33,833 $",C,Travel,2024-11-30,No,No
Leslie Garcia,"145,230 $",B,Education,2024-08-16,No,Yes
Mary Hofmann,"30,309 $",B,Education,2023-03-24,Yes,Yes
Lonnie Lee,"16,970 $",B,Personal,2023-12-24,No,Yes
Francisco Heath,"82,474 $",A,Home,2020-12-28,Yes,No
Vivian Dye,"56,540 $",A,Home,2021-03-23,No,No
Lisa Fieck,"161,456 $",C,Car,2023-06-11,Yes,Yes
Ellis Rendall,"28,017 $",B,Education,2024-05-05,Yes,Yes
John Lacuesta,"85,880 $",A,Travel,2020-09-18,Yes,No
Gaylord Cortez,"115,570 $",B,Personal,2020-05-04,No,Yes
Dorothy Dew,"18,702 $",C,Personal,2022-06-29,No,No
Gilbert Davis,"141,456 $",A,Home,2020-09-01,No,No
Mae Riley,"10,404 $",A,Education,2021-06-25,Yes,Yes
George Fitzpatrick,"182,015 $",A,Car,2021-04-29,Yes,No
Blanca Newberry,"188,998 $",C,Education,2020-05-01,No,Yes
Thomas Laine,"170,261 $",B,Business,2020-05-04,No,Yes
Allen Davis,"22,763 $",A,Education,2024-04-21,No,Yes
Lesa Mcwaters,"159,456 $",C,Business,2020-06-18,Yes,Yes
Phillip Rice,"108,142 $",B,Business,2020-05-03,Yes,Yes
Rosemary Borton,"150,932 $",C,Car,2022-11-24,Yes,Yes
Anthony Mallory,"90,642 $",B,Travel,2023-01-15,Yes,No
Maggie Leonard,"60,612 $",C,Home,2021-10-07,Yes,No
Steven Phan,"33,574 $",B,Education,2024-09-27,No,No
Laura Craven,"33,524 $",A,Business,2022-02-24,Yes,No
Kathleen Hutton,"20,916 $",B,Education,2020-07-19,Yes,Yes
Renae Allen,"14,809 $",C,Travel,2021-01-03,Yes,No
Helen Parson,"173,273 $",C,Home,2022-03-07,Yes,No
Timothy Bradley,"194,402 $",B,Travel,2020-03-17,Yes,No
Willie Flakes,"154,528 $",A,Home,2020-02-28,No,Yes
Thao Neal,"197,469 $",A,Personal,2021-03-06,Yes,No
Marvin Beal,"131,288 $",B,Home,2021-09-29,Yes,Yes
Angelica Tang,"48,765 $",B,Car,2024-03-03,Yes,No
Russell Beck,"175,888 $",C,Travel,2020-04-18,No,Yes
Steven Baugh,"55,106 $",A,Business,2024-10-25,No,Yes
Bernadette Louis,"63,932 $",B,Personal,2022-10-04,No,No
Vickie Jackson,"158,172 $",A,Car,2023-07-25,Yes,Yes
Eugene Hughes,"67,091 $",B,Education,2020-03-08,No,Yes
Anthony Bice,"31,949 $",B,Travel,2022-12-28,Yes,No
Denis Hickman,"47,744 $",A,Business,2023-04-03,Yes,No
Barbara Deberry,"186,615 $",B,Home,2024-02-21,No,No
David Franz,"118,319 $",B,Business,2020-10-31,Yes,Yes
Monique Yeakley,"102,193 $",C,Education,2021-11-04,Yes,Yes
Bobby Chritton,"46,187 $",B,Personal,2020-12-30,Yes,Yes
Ingrid Jones,"148,311 $",B,Personal,2022-03-31,No,No
Sandra Snow,"134,454 $",B,Travel,2023-11-03,Yes,Yes
Devon Yarbrough,"24,489 $",C,Personal,2020-12-08,Yes,Yes
Joseph Drake,"199,089 $",A,Travel,2022-08-04,No,Yes
Angela Oshields,"71,877 $",C,Travel,2022-06-17,Yes,Yes
Bill Smith,"184,197 $",C,Travel,2024-04-26,Yes,Yes
Jimmy Schmidt,"59,922 $",A,Home,2023-10-09,No,Yes
Mary Pierce,"104,074 $",C,Car,2023-12-10,Yes,Yes
Tami Larsen,"173,121 $",A,Travel,2023-02-06,Yes,No
Prudence Hall,"47,131 $",C,Travel,2024-05-05,Yes,No
Wesley Riggs,"184,016 $",A,Car,2022-01-31,Yes,No
Michael Ross,"125,765 $",B,Business,2024-02-29,Yes,Yes
Donald Amadon,"83,963 $",C,Travel,2020-12-06,No,Yes
Theresa Jones,"116,884 $",C,Home,2022-07-30,No,No
Ivette Rudder,"135,917 $",C,Personal,2021-01-17,No,Yes
Judie Robinette,"34,285 $",C,Personal,2022-09-30,No,No
Donna Hansen,"47,626 $",B,Education,2024-04-05,Yes,Yes
William Miesner,"183,880 $",C,Education,2020-10-26,Yes,Yes
Betty Greer,"194,943 $",B,Personal,2020-05-18,Yes,No
Shawn Ward,"29,198 $",B,Personal,2020-12-24,Yes,No
Suzanne Dunlap,"160,830 $",B,Home,2022-04-15,Yes,No
Daniel Nichols,"25,254 $",B,Car,2024-03-02,No,No
Cara Fields,"54,238 $",A,Education,2023-11-09,No,No
Timothy Snyder,"11,252 $",A,Car,2024-06-15,Yes,Yes
Phyllis Foley,"49,764 $",C,Home,2023-07-27,Yes,Yes
Jennifer Parrott,"87,709 $",A,Personal,2024-07-18,Yes,Yes
Susana Sandoval,"178,513 $",A,Travel,2021-04-27,No,No
Mary Conigliaro,"63,682 $",C,Car,2022-06-27,Yes,No
Daniel Looney,"69,494 $",C,Personal,2023-02-08,Yes,No
Malcolm Anderson,"91,317 $",C,Personal,2022-05-15,Yes,No
Virginia Bursi,"75,215 $",A,Business,2020-05-18,No,No
William Medina,"88,587 $",A,Car,2022-09-22,Yes,No
Charles Cherry,"16,949 $",C,Travel,2021-03-10,No,Yes
Alicia Kerstetter,"65,393 $",B,Car,2021-05-23,No,Yes
Sarah Richardson,"148,013 $",C,Personal,2020-09-29,No,Yes
Josephine Khan,"35,934 $",B,Travel,2023-01-27,No,Yes
Stephanie Coon,"164,458 $",B,Home,2024-11-22,No,Yes
Margret Hattub,"85,745 $",C,Business,2020-04-13,No,No
Margaret Martinez,"104,456 $",C,Personal,2023-05-22,Yes,No
Tony Harris,"63,413 $",C,Education,2024-11-19,Yes,No
Joann Wiford,"197,872 $",A,Education,2024-08-14,Yes,No
Jack Queen,"107,239 $",B,Business,2022-01-31,No,No
Kelly Cullison,"52,318 $",A,Home,2022-02-25,Yes,No
Michael Knutson,"80,390 $",A,Personal,2020-06-13,No,Yes
Emmanuel Coffman,"193,401 $",C,Car,2022-09-25,No,No
Lisa Howard,"53,088 $",A,Business,2021-06-03,No,No
Linda Gerleman,"113,196 $",C,Home,2023-07-31,Yes,No
Barbie Koehler,"180,883 $",B,Car,2021-05-31,No,No
Julia Brennan,"65,479 $",C,Education,2021-10-18,No,Yes
Evie Parsons,"29,963 $",A,Education,2021-09-04,Yes,Yes
William Childress,"65,123 $",A,Car,2020-06-12,Yes,No
Charles Haynes,"135,911 $",C,Business,2024-08-09,No,Yes
Randy Armstrong,"112,468 $",C,Education,2020-03-04,No,Yes
Jimmie Gahagan,"83,477 $",A,Personal,2023-01-19,Yes,No
Julian Hathaway,"24,388 $",B,Travel,2023-02-14,Yes,No
Dorthy Townley,"15,569 $",B,Car,2020-09-23,Yes,No
Lillian Ortiz,"79,836 $",C,Car,2024-09-04,No,No
Loretta Johnson,"114,573 $",B,Education,2024-05-01,Yes,No
Michelle Doherty,"177,658 $",A,Business,2023-03-09,Yes,Yes
Larry Murry,"153,087 $",C,Personal,2020-09-02,Yes,No
James Bambeck,"55,002 $",A,Business,2024-08-11,No,No
Ike Newcomb,"147,326 $",A,Home,2024-11-16,Yes,No
Marion Muncy,"158,216 $",B,Home,2021-01-29,Yes,Yes
Dave Pendarvis,"165,286 $",C,Travel,2024-02-19,Yes,No
Paula Hernandez,"147,162 $",C,Education,2021-04-20,Yes,No
Karen Zieba,"152,709 $",B,Education,2024-03-20,Yes,No
Heather Vasquez,"163,487 $",A,Education,2022-09-03,No,Yes
Melissa Magee,"34,071 $",A,Travel,2023-04-22,No,No
Danny Anderson,"68,243 $",A,Home,2022-11-09,No,No
Lynda Schlosser,"135,827 $",A,Business,2021-07-11,Yes,No
David Hicks,"118,215 $",C,Travel,2022-10-14,No,Yes
Michelle Jones,"182,312 $",C,Travel,2024-03-27,No,No
Evelyn Harris,"111,570 $",B,Business,2024-05-24,No,No
David Lovell,"174,506 $",B,Education,2024-04-01,Yes,No
Ron King,"79,724 $",C,Personal,2022-06-01,Yes,Yes
Natalie Dunn,"125,359 $",C,Business,2020-05-26,No,No
Rodney Morse,"85,697 $",A,Home,2021-10-27,No,No
Anissa Sellers,"38,732 $",A,Car,2023-08-20,Yes,No
Steven Weakland,"131,465 $",B,Car,2021-09-11,Yes,Yes
Lillian Primus,"152,386 $",C,Travel,2024-11-06,No,Yes
Edward Sims,"165,026 $",B,Car,2022-03-30,Yes,No
Christopher Defosses,"67,108 $",C,Personal,2022-05-13,No,Yes
Mercedes Roland,"121,195 $",A,Education,2021-08-04,Yes,Yes
Katherine Jackson,"113,081 $",B,Home,2022-10-19,No,Yes
Lillian Simpson,"46,668 $",B,Personal,2021-11-25,No,No
Rachael Rodriguez,"33,061 $",C,Home,2024-11-20,Yes,No
Vickie Cyphers,"89,252 $",A,Home,2023-06-05,No,Yes
Ashley Foster,"49,749 $",B,Education,2023-01-30,No,Yes
Jeffrey Blackwell,"140,560 $",A,Travel,2024-05-29,No,Yes
April Dickerman,"114,680 $",B,Car,2023-12-11,Yes,No
Ida Dole,"157,979 $",A,Education,2023-05-24,Yes,No
Sandra Gilley,"159,849 $",C,Personal,2021-02-10,Yes,Yes
Marcella Abeyta,"61,745 $",B,Travel,2021-02-02,No,Yes
John Duarte,"118,464 $",B,Personal,2021-12-15,Yes,Yes
Benjamin Hylan,"101,865 $",A,Travel,2021-12-04,No,Yes
Paul Lawson,"122,428 $",A,Personal,2022-01-30,No,No
Christopher Carlson,"33,624 $",B,Education,2021-05-13,Yes,Yes
Nicole Sisk,"33,321 $",C,Travel,2024-11-12,Yes,No
Linda Schulman,"151,560 $",A,Travel,2024-01-28,No,Yes
Mario Shepard,"32,574 $",A,Home,2024-09-10,No,Yes
Bette Castille,"146,312 $",A,Home,2022-08-31,Yes,Yes
David Lightner,"184,293 $",B,Business,2024-10-20,Yes,Yes
Keith Martinez,"151,550 $",B,Personal,2020-03-22,Yes,Yes
Phyllis Wiggins,"196,717 $",B,Home,2021-08-26,No,No
Kelli Belisle,"160,334 $",B,Business,2024-09-06,No,Yes
Elizabeth Huard,"128,831 $",C,Home,2024-11-09,No,Yes
Jennifer Brown,"193,868 $",C,Personal,2022-02-10,No,Yes
Angela Wiley,"145,504 $",B,Travel,2022-06-21,No,No
Bo Rucker,"105,257 $",C,Car,2020-12-30,Yes,No
Merry King,"74,291 $",A,Personal,2020-06-11,Yes,No
Joy Huber,"137,600 $",A,Education,2022-12-07,No,No
Nicholas Ruiz,"60,428 $",A,Home,2021-05-25,No,Yes
Porter Lang,"141,374 $",B,Home,2023-09-14,Yes,Yes
Ralph Melvin,"141,127 $",A,Travel,2020-04-25,Yes,Yes
Larry Gomes,"121,317 $",C,Education,2022-07-29,Yes,No
Tanya Mitchell,"149,789 $",B,Travel,2020-12-02,Yes,Yes
Patrick Kenney,"137,449 $",C,Education,2022-05-30,No,Yes
Nancy Arroliga,"38,699 $",A,Car,2022-01-06,Yes,No
Phillip Cox,"83,686 $",A,Home,2022-04-19,No,No
Fannie French,"77,661 $",A,Home,2020-05-26,Yes,No
Betty Freeman,"54,247 $",B,Car,2024-05-17,Yes,Yes
David Hoftiezer,"157,820 $",C,Business,2023-09-08,Yes,Yes
Shamika Belanger,"115,113 $",B,Travel,2021-03-18,No,No
Robert Boykin,"14,621 $",B,Car,2022-04-16,No,Yes
Brendon Ray,"156,106 $",A,Travel,2022-11-02,Yes,No
Barbara Foy,"146,198 $",B,Personal,2022-07-31,No,No
Ricky Turner,"146,194 $",B,Home,2024-02-26,No,Yes
Daniel Hughes,"28,030 $",A,Travel,2024-09-20,Yes,No
Kris Monteith,"92,838 $",B,Education,2020-10-13,Yes,No
Jess Smith,"94,717 $",A,Travel,2021-12-20,No,No
Lori Jones,"196,730 $",A,Personal,2023-02-11,No,Yes
Russell Carlin,"48,638 $",A,Home,2021-04-24,No,No
Lauren Rolle,"77,067 $",A,Car,2020-01-22,Yes,No
Andre Rutter,"128,033 $",B,Personal,2023-10-04,Yes,No
April Plumb,"115,977 $",A,Home,2024-10-15,No,No
James Collins,"98,869 $",A,Travel,2021-11-13,Yes,No
Ione Bailey,"115,186 $",B,Business,2024-05-08,Yes,No
Paul Curcio,"44,674 $",B,Business,2022-06-24,No,No
Leroy Boswell,"176,926 $",C,Education,2020-11-15,No,Yes
Juana Rao,"56,271 $",B,Home,2020-05-05,Yes,Yes
Jessie Williams,"83,688 $",B,Business,2020-10-03,Yes,No
David Bateman,"179,590 $",C,Car,2023-05-12,No,Yes
Warren Larson,"121,076 $",B,Home,2020-07-12,Yes,Yes
Arthur Pewitt,"151,339 $",B,Car,2024-08-31,Yes,No
Melissa Castle,"11,062 $",B,Car,2024-08-14,No,Yes
Lesley Guzman,"60,448 $",B,Business,2024-04-19,No,No
Orlando Hazelwood,"105,462 $",C,Home,2021-11-26,Yes,No
Ellis West,"147,301 $",B,Travel,2023-08-02,Yes,No
Howard Nichols,"197,865 $",B,Personal,2020-02-26,Yes,No
Nancy Schut,"57,915 $",C,Business,2024-10-23,No,No
May Johnson,"14,632 $",A,Business,2023-08-19,Yes,Yes
Angela Duran,"114,592 $",C,Travel,2023-04-01,Yes,No
Steve Cunningham,"144,668 $",A,Home,2020-01-19,No,Yes
David Borden,"119,779 $",C,Home,2023-10-25,No,No
Jodi Hill,"147,240 $",C,Car,2020-09-20,Yes,No
Melissa Hansen,"118,099 $",B,Travel,2022-03-04,No,No
Keith Santiago,"17,561 $",A,Travel,2020-04-22,No,Yes
Donna Widmer,"92,152 $",B,Home,2024-02-20,Yes,No
Connie John,"135,036 $",A,Car,2023-09-12,No,No
Robert Cohen,"134,049 $",C,Business,2021-06-25,No,No
Lucille Morgan,"36,734 $",C,Education,2021-10-08,Yes,No
Gladys Cook,"147,443 $",A,Personal,2021-08-01,No,Yes
Lucille Brock,"36,069 $",B,Business,2022-12-24,Yes,No
Robin Shamapande,"22,910 $",B,Home,2023-08-08,Yes,Yes
Conrad Metheny,"83,479 $",B,Personal,2020-01-25,No,No
Michael Willis,"91,264 $",B,Education,2024-04-21,No,Yes
Terri Robertson,"33,275 $",C,Education,2020-01-01,No,Yes
James Swift,"82,274 $",C,Car,2022-06-29,Yes,No
Jo Neubauer,"110,776 $",C,Personal,2024-04-21,No,No
Grover Hendrickson,"195,625 $",C,Car,2020-05-20,Yes,Yes
Stanley Davis,"58,447 $",C,Business,2024-11-02,No,No
James Hoosier,"175,601 $",B,Travel,2021-10-09,No,No
Nettie Putman,"136,394 $",B,Travel,2020-07-06,No,No
Jacqueline Mcgroarty,"85,703 $",B,Travel,2023-02-25,Yes,Yes
Micheal Stinson,"86,090 $",B,Personal,2020-07-19,No,No
Lindsey Munnis,"27,260 $",C,Travel,2023-02-24,No,No
Diana Davis,"122,581 $",C,Business,2020-09-13,Yes,No
Irene Hall,"13,812 $",C,Car,2024-08-26,Yes,Yes
Donna Keesling,"169,096 $",A,Personal,2021-06-30,No,No
Sonia Carr,"199,728 $",B,Car,2020-07-12,No,Yes
Eugene Armour,"126,148 $",B,Personal,2021-12-03,No,No
Marvin Clay,"168,357 $",C,Car,2023-02-01,Yes,Yes
Ronald Varela,"126,421 $",B,Education,2024-04-07,Yes,No
James Bailey,"11,605 $",B,Car,2023-07-12,Yes,No
Christian Williams,"82,303 $",C,Travel,2022-03-12,Yes,Yes
Michael Massey,"168,211 $",A,Education,2022-07-30,No,Yes
Willie Pretti,"197,210 $",A,Car,2023-11-08,Yes,Yes
Heidi Carmichael,"86,125 $",A,Personal,2023-07-07,Yes,No
Edward Gerrior,"154,990 $",C,Personal,2021-02-17,Yes,No
Frank Pychardo,"168,518 $",B,Personal,2023-10-13,No,No
James Luccous,"134,040 $",C,Home,2023-01-03,No,No
Marie Scholle,"154,118 $",C,Business,2023-10-10,Yes,Yes
Jacqueline Williams,"165,890 $",B,Personal,2024-05-26,Yes,No
Michael Maynard,"14,324 $",A,Education,2024-11-29,No,No
Pauline Hancock,"86,323 $",A,Personal,2022-06-28,No,No
William Scott,"19,111 $",C,Home,2020-07-06,No,No
Maria Lorenz,"179,182 $",A,Travel,2024-09-04,No,No
Kathy White,"26,389 $",C,Education,2023-08-06,No,No
Joyce Johnson,"132,177 $",C,Home,2020-02-14,No,No
Sergio Tade,"51,427 $",B,Travel,2024-05-15,No,Yes
